year,month,resource,amount,building,source,note
2566,1,electricity,0,คณะวิทยาศาสตร์และเทคโนโลยี,ใบแจ้งค่าไฟ,
2566,1,water,0,คณะวิทยาศาสตร์และเทคโนโลยี,ใบแจ้งค่าน้ำ,
2566,1,general_waste,0,คณะวิทยาศาสตร์และเทคโนโลยี,บันทึกชั่งขยะ,
2566,1,recycle,0,คณะวิทยาศาสตร์และเทคโนโลยี,บันทึกชั่งขยะ,
2566,1,organic,0,คณะวิทยาศาสตร์และเทคโนโลยี,บันทึกชั่งขยะ,
2566,1,hazardous,0,คณะวิทยาศาสตร์และเทคโนโลยี,บันทึกชั่งขยะ,
2566,1,diesel,0,คณะวิทยาศาสตร์และเทคโนโลยี,ใบเบิกเชื้อเพลิง,
2566,1,gasoline,0,คณะวิทยาศาสตร์และเทคโนโลยี,ใบเบิกเชื้อเพลิง,
2566,1,ghg,0,คณะวิทยาศาสตร์และเทคโนโลยี,รายงาน GHG,
